year,fossil_and_industry_gtco2,land_use_change_gtco2,anthropogenic_co2_sources_gtco2,cumulative_anthropogenic_co2_sources_since_1850_gtco2
1850,0.1968475949999999,2.714022506666668,2.910870101666668,2.910870101666668
1851,0.19877854700000014,2.8207670400000002,3.0195455870000005,5.930415688666669
1852,0.20759509100000004,2.9173500800000003,3.1249451710000002,9.055360859666669
1853,0.217236968,2.93545024,3.152687208,12.208048067666669
1854,0.25503855700000005,2.975558826666668,3.230597383666668,15.438645451333336
1855,0.26025985099999993,3.0278196800000003,3.288079531,18.726724982333337
1856,0.2782456270000001,3.0438680000000002,3.3221136270000002,22.048838609333338
1857,0.2811810479999999,3.0916832000000003,3.372864248,25.421702857333337
1858,0.28554838299999996,3.1124214400000003,3.3979698230000004,28.819672680333337
1859,0.302572165,3.15591312,3.458485285,32.278157965333335
1860,0.332298445,2.895976746666668,3.2282751916666683,35.506433157000004
1861,0.3491901659999999,2.76661312,3.1158032860000002,38.622236443000006
1862,0.3559910690000002,2.692258346666668,3.0482494156666684,41.67048585866667
1863,0.37953487800000174,2.6628242133333324,3.042359091333334,44.712844950000004
1864,0.409525422999999,2.686542506666668,3.096067929666667,47.80891287966667
1865,0.43485132000000115,2.608279466666668,3.0431307866666693,50.852043666333344
1866,0.4490670139999989,2.6209691200000003,3.070036133999999,53.92207980033334
1867,0.48081390799999946,2.575010346666668,3.0558242546666676,56.97790405500001
1868,0.4944935269999982,2.56326112,3.057754646999998,60.035658702000006
1869,0.5247310619999997,2.5559697600000004,3.0807008220000003,63.116359524
1870,0.5361232759999983,2.911426613333332,3.4475498893333305,66.56390941333333
1871,0.5697765869999993,2.99704208,3.5668186669999993,70.13072808033333
1872,0.6309614729999995,3.157806186666668,3.788767659666667,73.91949573999999
1873,0.6704672129999996,3.2091876800000003,3.8796548929999997,77.79915063299998
1874,0.6286622350000017,3.310692693333332,3.9393549283333336,81.73850556133331
1875,0.6810479829999986,3.3322248,4.013272782999999,85.75177834433332
1876,0.6905825230000003,3.38751456,4.078097083,89.82987542733332
1877,0.7040328619999991,3.47665968,4.180692541999999,94.01056796933332
1878,0.7096495189999986,3.5314975466666683,4.2411470656666665,98.25171503499999
1879,0.7597943629999999,3.5886070933333323,4.348401456333332,102.60011649133332
1880,0.8582277949999999,3.62310976,4.481337555,107.08145404633332
1881,0.8881725570000008,3.603458506666668,4.491631063666668,111.57308511
1882,0.9381580899999994,3.6836756800000003,4.621833769999999,116.19491887999999
1883,0.9978624869999997,3.7441561066666793,4.742018593666679,120.93693747366667
1884,1.0097619499999995,3.74929792,4.75905987,125.69599734366668
1885,1.017489157,3.755135893333321,4.772625050333321,130.468622394
1886,1.032987347,3.750091786666679,4.783079133666679,135.25170152766668
1887,1.0842832810000016,3.808825706666679,4.893108987666681,140.14481051533338
1888,1.2013416690000014,3.8004351466666786,5.00177681566668,145.14658733100006
1889,1.202097504000001,3.8350355200000004,5.037133024000001,150.18372035500008
1890,1.3072554750000014,4.11635744,5.423612915000001,155.60733327000008
1891,1.3695984159999997,4.206137653333321,5.57573606933332,161.1830693393334
1892,1.3805362640000016,4.18168656,5.562222824000002,166.7452921633334
1893,1.363179521,4.218888373333321,5.5820678943333215,172.32736005766674
1894,1.4122273029999983,4.303722186666679,5.715949489666677,178.04330954733342
1895,1.4959638500000019,4.290067680000001,5.7860315300000025,183.82934107733342
1896,1.5454508250000007,4.305261066666679,5.85071189166668,189.68005296900012
1897,1.618405320000002,4.3754510933333215,5.993856413333323,195.67390938233345
1898,1.7069665419999993,4.391255146666679,6.098221688666678,201.77213107100013
1899,1.8644241610000003,4.427015786666679,6.29143994766668,208.0635710186668
1900,1.962883788,4.4607368,6.423620588,214.4871916066668
1901,2.0256281709999993,4.585447146666679,6.611075317666678,221.0982669243335
1902,2.0769559899999996,4.627754133333321,6.704710123333321,227.80297704766681
1903,2.2645918480000002,4.66309952,6.9276913680000005,234.73066841566683
1904,2.290254947999999,4.77190810666668,7.062163054666678,241.7928314703335
1905,2.4405705290000013,4.803894826666679,7.24446535566668,249.0372968260002
1906,2.548978248999999,4.8715078400000005,7.420486088999999,256.45778291500017
1907,2.904949277000001,4.87388944,7.778838717000001,264.23662163200015
1908,2.7903950100000023,4.92133824,7.711733250000002,271.94835488200016
1909,2.907111648999998,4.9996867733333215,7.90679842233332,279.8551533043335
1910,3.0502729709999983,4.7981545599999995,7.848427530999998,287.70358083533347
1911,3.097207347999998,4.76561824,7.862825587999998,295.5664064233335
1912,3.253928785000001,4.667300906666679,7.92122969166668,303.48763611500016
1913,3.524845913000002,4.620267360000001,8.145113273000003,311.63274938800015
1914,3.19774994,4.626716,7.82446594,319.45721532800013
1915,3.148030679000002,4.553338293333321,7.701368972333324,327.1585843003335
1916,3.4002320939999984,4.5413448,7.941576893999999,335.10016119433345
1917,3.5564985009999983,4.45923456,8.015733060999999,343.11589425533344
1918,3.506084768,4.41680544,7.922890208,351.03878446333346
1919,3.041113079,4.385233973333321,7.4263470523333215,358.46513151566677
1920,3.5467577739999987,4.776732373333322,8.32349014733332,366.7886216630001
1921,3.11499389,4.9856170133333215,8.100610903333322,374.8892325663334
1922,3.2647168919999987,5.056588693333321,8.32130558533332,383.21053815166675
1923,3.7029957310000143,5.168157493333322,8.871153224333336,392.0816913760001
1924,3.716142672,5.11390586666668,8.83004853866668,400.9117399146668
1925,3.7406329000000005,5.248850986666679,8.98948388666668,409.90122380133346
1926,3.6774068159999875,5.26623056,8.943637375999987,418.8448611773334
1927,4.012946737000005,5.271225813333321,9.284172550333327,428.12903372766675
1928,3.9963105159999848,5.326674346666679,9.322984862666663,437.4520185903334
1929,4.288210104000019,5.38245264,9.670662744000019,447.12268133433344
1930,3.958094454,5.438059946666679,9.39615440066668,456.5188357350001
1931,3.539318772999999,5.524310506666679,9.063629279666678,465.58246501466675
1932,3.1925899709999994,5.565335093333322,8.757925064333321,474.3403900790001
1933,3.3626820699999986,5.520902986666679,8.883585056666677,483.22397513566676
1934,3.656185619999999,5.574434026666679,9.230619646666678,492.45459478233346
1935,3.835740718000012,5.511523146666679,9.34726386466669,501.80185864700013
1936,4.207928671,5.644843893333321,9.852772564333321,511.6546312113335
1937,4.496713303000015,5.625937653333321,10.122650956333336,521.7772821676668
1938,4.229616926999983,5.665850826666679,9.895467753666662,531.6727499213335
1939,4.470132415,5.6355984,10.105730815000001,541.7784807363336
1940,4.884661464000015,5.743405493333322,10.628066957333337,552.4065476936669
1941,4.9990903209999855,5.891150186666679,10.890240507666665,563.2967882013336
1942,4.982523193999997,5.90530544,10.887828633999998,574.1846168353336
1943,5.0752731749999915,5.89430122666668,10.969574401666671,585.1541912370003
1944,5.162485789000013,5.826065333333321,10.988551122333334,596.1427423593336
1945,4.289311542000018,5.863389280000001,10.152700822000018,606.2954431813337
1946,4.608545561999985,5.82761642666668,10.436161988666665,616.7316051700003
1947,5.165203762000019,5.77823792,10.943441682000017,627.6750468520004
1948,5.447882698000015,5.724755733333321,11.172638431333336,638.8476852833337
1949,5.204032905000015,5.683315893333321,10.887348798333337,649.7350340816671
1950,5.930405625999983,6.654031626666679,12.584437252666662,662.3194713343338
1951,6.381650727999983,7.1973417600000005,13.578992487999983,675.8984638223337
1952,6.467699928000011,7.251214773333321,13.718914701333333,689.6173785236671
1953,6.651038933999985,7.38361952,14.034658453999985,703.6520369776671
1954,6.789734054999998,7.80683594666668,14.596570001666677,718.2486069793338
1955,7.444102451000017,7.9940663466666795,15.438168797666696,733.6867757770004
1956,7.926275018999994,8.060629013333322,15.986904032333317,749.6736798093337
1957,8.185976313999982,8.280151466666679,16.46612778066666,766.1398075900004
1958,8.417517080999984,8.212428533333322,16.629945614333305,782.7697532043337
1959,8.855112130999993,8.69276672,17.547878850999993,800.3176320553337
1960,9.386951378000003,7.61056768,16.997519058,817.3151511133336
1961,9.414990490000006,7.630157866666679,17.045148356666687,834.3602994700003
1962,9.747240780000007,7.1384002133333215,16.88564099333333,851.2459404633337
1963,10.266777665000012,6.953331573333322,17.220109238333333,868.466049701667
1964,10.824469651999982,6.659918453333321,17.484388105333302,885.9504378070003
1965,11.310602878999998,6.385423786666679,17.696026665666675,903.6464644726669
1966,11.862625221000016,5.917140160000001,17.77976538100002,921.426229853667
1967,12.237370736999988,6.25052752,18.48789825699999,939.914128110667
1968,12.905273661000008,6.327129546666678,19.232403207666685,959.1465313183337
1969,13.76179738799999,6.940544213333322,20.702341601333313,979.848872919667
1970,14.89913841100001,6.689670133333322,21.588808544333332,1001.4376814640003
1971,15.503863654000002,6.1393984,21.643262054,1023.0809435180004
1972,16.224580564999986,6.438087680000001,22.662668244999985,1045.7436117630004
1973,17.077286045999987,6.2542648000000005,23.33155084599999,1069.0751626090005
1974,16.99791160099999,6.31299872,23.31091032099999,1092.3860729300004
1975,16.988476746999996,6.12349664,23.111973386999995,1115.4980463170004
1976,17.86249171199999,6.0602804266666785,23.92277213866667,1139.4208184556671
1977,18.358038671999985,6.620090773333321,24.978129445333305,1164.3989479010004
1978,19.024741329000005,6.563897226666679,25.588638555666684,1189.987586456667
1979,19.50859047499999,5.855829226666679,25.36441970166667,1215.3520061583338
1980,19.409793033000017,6.001314453333322,25.41110748633334,1240.763113644667
1981,18.87975664499999,5.836581013333321,24.71633765833331,1265.4794513030004
1982,18.729742372000004,5.531553013333322,24.261295385333327,1289.7407466883337
1983,18.901775043,5.839854186666679,24.741629229666678,1314.4823759180003
1984,19.457249746000013,6.424799573333321,25.882049319333333,1340.3644252373338
1985,20.144862977000006,6.7877431999999995,26.932606177000004,1367.2970314143338
1986,20.438044837,6.943316640000001,27.381361477,1394.6783928913337
1987,21.10619026200001,6.497945226666679,27.60413548866669,1422.2825283800005
1988,21.918755977999997,6.15668026666668,28.075436244666676,1450.3579646246671
1989,22.200212431999997,5.98082048,28.181032912,1478.5389975366672
1990,22.73214367899999,5.829069813333321,28.56121349233331,1507.1002110290005
1991,23.205590954999998,5.720297866666679,28.92588882166668,1536.0260998506672
1992,22.52042406600002,5.967898773333321,28.488322839333343,1564.5144226900004
1993,22.749872081000003,5.733292853333321,28.483164934333324,1592.9975876243336
1994,22.974598339000003,6.6689074666666786,29.64350580566668,1622.6410934300004
1995,23.516637890999984,6.2780808,29.794718690999986,1652.4358121210005
1996,24.233476730999996,6.541827733333322,30.775304464333317,1683.211116585334
1997,24.38032132799999,8.019616639999999,32.39993796799999,1715.6110545533338
1998,24.295712999000006,6.792237706666679,31.087950705666685,1746.6990052590004
1999,24.837770669000008,6.5618576,31.399628269000008,1778.0986335280004
2000,25.511483473999988,6.145761546666679,31.657245020666668,1809.7558785486672
2001,25.692993597000008,5.460703466666679,31.153697063666687,1840.9095756123338
2002,26.26533154300001,6.093696106666679,32.359027649666686,1873.2686032620004
2003,27.652690482999986,7.32120938666668,34.97389986966667,1908.242503131667
2004,28.61002399,6.443864586666678,35.05388857666668,1943.2963917083337
2005,29.59895044800001,5.931112213333321,35.53006266133333,1978.826454369667
2006,30.59415170600002,6.033740853333321,36.62789255933334,2015.4543469290004
2007,31.49925552200001,5.59320592,37.09246144200001,2052.546808371
2008,32.04966028700001,5.951019946666679,38.000680233666685,2090.547488604667
2009,31.513013582999985,6.53481728,38.04783086299999,2128.5953194676667
2010,33.31767337199998,6.517828533333321,39.8355019053333,2168.430821373
2011,34.479989487000005,6.3925563733333215,40.872545860333325,2209.3033672333336
2012,34.954735219000014,6.682122293333322,41.636857512333336,2250.940224745667
2013,35.27581967700002,6.31952064,41.59534031700002,2292.535565062667
2014,35.465693903000016,6.4099115200000005,41.87560542300002,2334.411170485667
2015,35.403527513,6.5126256533333216,41.916153166333324,2376.3273236520004
2016,35.39283035900001,5.3765536,40.76938395900001,2417.0967076110005
2017,35.97460991699999,5.307768106666679,41.282378023666666,2458.3790856346673
2018,36.734002931999996,4.882023520000001,41.616026452,2499.995112086667
2019,37.0865666869999,4.8871775466666785,41.97374423366658,2541.9688563203335
2020,35.15822982900001,4.51653952,39.67476934900001,2581.6436256693337
2021,36.86686378799991,4.657102773333321,41.52396656133323,2623.1675922306667
2022,37.52777167800004,4.785391626666679,42.31316330466672,2665.4807555353336
2023,38.09404417000009,4.745551733333321,42.83959590333341,2708.320351438667
2024,38.59857803300014,4.585508213333322,43.18408624633346,2751.5044376850005
