year,scenario,ch4_gtch4_per_year_excl_lulucf,co2_gtco2_per_year_excl_lulucf,f_gases_gtco2e_ar6gwp100_per_year_excl_lulucf,kyoto_ghg_gtco2e_ar6gwp100_per_year_excl_lulucf,n2o_gtn2o_per_year_excl_lulucf
1750,HISTCR,0.0269,0.000342,0.0,0.782,0.000112
1750,HISTTP,0.0269,0.000341,0.0,0.795,0.000159
1751,HISTCR,0.027,0.00948,0.0,0.794,0.000114
1751,HISTTP,0.027,0.0097,0.0,0.807,0.000161
1752,HISTCR,0.0271,0.00948,0.0,0.796,0.000115
1752,HISTTP,0.0271,0.0097,0.0,0.81,0.000163
1753,HISTCR,0.0271,0.00948,0.0,0.799,0.000117
1753,HISTTP,0.0272,0.0097,0.0,0.812,0.000165
1754,HISTCR,0.0272,0.00948,0.0,0.801,0.000119
1754,HISTTP,0.0272,0.00971,0.0,0.815,0.000167
1755,HISTCR,0.0273,0.00949,0.0,0.804,0.00012
1755,HISTTP,0.0273,0.00971,0.0,0.817,0.000169
1756,HISTCR,0.0274,0.0101,0.0,0.807,0.000122
1756,HISTTP,0.0274,0.0104,0.0,0.821,0.000171
1757,HISTCR,0.0274,0.0101,0.0,0.81,0.000124
1757,HISTTP,0.0274,0.0104,0.0,0.823,0.000173
1758,HISTCR,0.0275,0.0101,0.0,0.812,0.000126
1758,HISTTP,0.0275,0.0104,0.0,0.826,0.000174
1759,HISTCR,0.0276,0.0102,0.0,0.815,0.000127
1759,HISTTP,0.0276,0.0104,0.0,0.829,0.000176
1760,HISTCR,0.0277,0.0102,0.0,0.817,0.000129
1760,HISTTP,0.0277,0.0104,0.0,0.831,0.000178
1761,HISTCR,0.0277,0.0111,0.0,0.821,0.000131
1761,HISTTP,0.0277,0.0114,0.0,0.835,0.00018
1762,HISTCR,0.0278,0.0111,0.0,0.823,0.000133
1762,HISTTP,0.0278,0.0114,0.0,0.837,0.000182
1763,HISTCR,0.0279,0.0111,0.0,0.825,0.000134
1763,HISTTP,0.0279,0.0114,0.0,0.839,0.000184
1764,HISTCR,0.0279,0.0111,0.0,0.828,0.000136
1764,HISTTP,0.0279,0.0114,0.0,0.842,0.000186
1765,HISTCR,0.028,0.0111,0.0,0.83,0.000138
1765,HISTTP,0.028,0.0114,0.0,0.844,0.000188
1766,HISTCR,0.0281,0.0124,0.0,0.834,0.00014
1766,HISTTP,0.0281,0.0127,0.0,0.848,0.00019
1767,HISTCR,0.0282,0.0124,0.0,0.836,0.000141
1767,HISTTP,0.0282,0.0127,0.0,0.851,0.000192
1768,HISTCR,0.0282,0.0124,0.0,0.839,0.000143
1768,HISTTP,0.0282,0.0127,0.0,0.853,0.000194
1769,HISTCR,0.0283,0.0124,0.0,0.841,0.000145
1769,HISTTP,0.0283,0.0127,0.0,0.856,0.000196
1770,HISTCR,0.0284,0.0124,0.0,0.843,0.000147
1770,HISTTP,0.0284,0.0127,0.0,0.858,0.000198
1771,HISTCR,0.0286,0.0138,0.0,0.852,0.000149
1771,HISTTP,0.0286,0.0141,0.0,0.866,0.0002
1772,HISTCR,0.0288,0.0138,0.0,0.859,0.000151
1772,HISTTP,0.0288,0.0141,0.0,0.873,0.000202
1773,HISTCR,0.029,0.0138,0.0,0.865,0.000153
1773,HISTTP,0.029,0.0141,0.0,0.88,0.000205
1774,HISTCR,0.0293,0.0138,0.0,0.872,0.000155
1774,HISTTP,0.0293,0.0141,0.0,0.887,0.000207
1775,HISTCR,0.0295,0.0138,0.0,0.879,0.000157
1775,HISTTP,0.0295,0.0141,0.0,0.894,0.000209
1776,HISTCR,0.0297,0.0152,0.0,0.887,0.000159
1776,HISTTP,0.0297,0.0156,0.0,0.902,0.000211
1777,HISTCR,0.0299,0.0153,0.0,0.894,0.000161
1777,HISTTP,0.0299,0.0156,0.0,0.909,0.000213
1778,HISTCR,0.0302,0.0153,0.0,0.901,0.000163
1778,HISTTP,0.0302,0.0157,0.0,0.916,0.000216
1779,HISTCR,0.0304,0.0154,0.0,0.908,0.000165
1779,HISTTP,0.0304,0.0157,0.0,0.923,0.000218
1780,HISTCR,0.0306,0.0154,0.0,0.915,0.000167
1780,HISTTP,0.0306,0.0158,0.0,0.93,0.00022
1781,HISTCR,0.0307,0.0173,0.0,0.921,0.000169
1781,HISTTP,0.0307,0.0177,0.0,0.936,0.000222
1782,HISTCR,0.0309,0.0174,0.0,0.925,0.000171
1782,HISTTP,0.0309,0.0178,0.0,0.94,0.000224
1783,HISTCR,0.031,0.0174,0.0,0.929,0.000172
1783,HISTTP,0.031,0.0179,0.0,0.944,0.000226
1784,HISTCR,0.0311,0.0175,0.0,0.932,0.000174
1784,HISTTP,0.0311,0.0179,0.0,0.948,0.000228
1785,HISTCR,0.0312,0.0176,0.0,0.936,0.000177
1785,HISTTP,0.0312,0.018,0.0,0.952,0.000231
1786,HISTCR,0.0313,0.02,0.0,0.943,0.000179
1786,HISTTP,0.0313,0.0205,0.0,0.958,0.000233
1787,HISTCR,0.0315,0.02,0.0,0.947,0.00018
1787,HISTTP,0.0315,0.0205,0.0,0.962,0.000235
1788,HISTCR,0.0316,0.0201,0.0,0.951,0.000182
1788,HISTTP,0.0316,0.0206,0.0,0.966,0.000237
1789,HISTCR,0.0317,0.0202,0.0,0.955,0.000184
1789,HISTTP,0.0317,0.0207,0.0,0.97,0.000239
1790,HISTCR,0.0318,0.0203,0.0,0.959,0.000186
1790,HISTTP,0.0318,0.0208,0.0,0.974,0.000241
1791,HISTCR,0.0319,0.0227,0.0,0.963,0.000189
1791,HISTTP,0.0319,0.0232,0.0,0.979,0.000243
1792,HISTCR,0.0319,0.0233,0.0,0.966,0.000191
1792,HISTTP,0.0319,0.0238,0.0,0.981,0.000246
1793,HISTCR,0.0319,0.0234,0.0,0.967,0.000193
1793,HISTTP,0.0319,0.024,0.0,0.983,0.000248
1794,HISTCR,0.032,0.0234,0.0,0.969,0.000196
1794,HISTTP,0.032,0.024,0.0,0.985,0.00025
1795,HISTCR,0.032,0.0235,0.0,0.971,0.000198
1795,HISTTP,0.032,0.0241,0.0,0.987,0.000252
1796,HISTCR,0.0321,0.0247,0.0,0.974,0.0002
1796,HISTTP,0.0321,0.0253,0.0,0.99,0.000255
1797,HISTCR,0.0321,0.026,0.0,0.977,0.000202
1797,HISTTP,0.0321,0.0266,0.0,0.993,0.000257
1798,HISTCR,0.0322,0.0271,0.0,0.98,0.000205
1798,HISTTP,0.0322,0.0278,0.0,0.996,0.000259
1799,HISTCR,0.0322,0.0285,0.0,0.984,0.000207
1799,HISTTP,0.0322,0.0293,0.0,1.0,0.000261
1800,HISTCR,0.0323,0.0304,0.0,0.988,0.00021
1800,HISTTP,0.0323,0.0311,0.0,1.0,0.000264
1801,HISTCR,0.0325,0.0303,0.0,0.994,0.000212
1801,HISTTP,0.0325,0.0311,0.0,1.01,0.000266
1802,HISTCR,0.0327,0.0378,0.0,1.01,0.000215
1802,HISTTP,0.0327,0.0388,0.0,1.02,0.000269
1803,HISTCR,0.0329,0.0402,0.0,1.02,0.000218
1803,HISTTP,0.0329,0.0412,0.0,1.03,0.000272
1804,HISTCR,0.0331,0.0411,0.0,1.03,0.000221
1804,HISTTP,0.0331,0.0422,0.0,1.04,0.000274
1805,HISTCR,0.0333,0.0421,0.0,1.03,0.000224
1805,HISTTP,0.0333,0.0432,0.0,1.05,0.000277
1806,HISTCR,0.0335,0.0437,0.0,1.04,0.000226
1806,HISTTP,0.0335,0.0449,0.0,1.06,0.00028
1807,HISTCR,0.0337,0.0458,0.0,1.05,0.000229
1807,HISTTP,0.0337,0.0469,0.0,1.06,0.000282
1808,HISTCR,0.0339,0.0439,0.0,1.05,0.000232
1808,HISTTP,0.0339,0.045,0.0,1.07,0.000285
1809,HISTCR,0.0341,0.0439,0.0,1.06,0.000235
1809,HISTTP,0.0341,0.045,0.0,1.08,0.000287
1810,HISTCR,0.0343,0.0443,0.0,1.07,0.000238
1810,HISTTP,0.0343,0.0455,0.0,1.08,0.00029
1811,HISTCR,0.0345,0.0465,0.0,1.07,0.000241
1811,HISTTP,0.0345,0.0478,0.0,1.09,0.000293
1812,HISTCR,0.0347,0.048,0.0,1.08,0.000244
1812,HISTTP,0.0347,0.0493,0.0,1.1,0.000296
1813,HISTCR,0.0348,0.0482,0.0,1.09,0.000247
1813,HISTTP,0.0348,0.0495,0.0,1.1,0.000299
1814,HISTCR,0.035,0.0491,0.0,1.09,0.00025
1814,HISTTP,0.035,0.0504,0.0,1.11,0.000302
1815,HISTCR,0.0351,0.0505,0.0,1.1,0.000253
1815,HISTTP,0.0351,0.0519,0.0,1.12,0.000304
1816,HISTCR,0.0353,0.0548,0.0,1.11,0.000257
1816,HISTTP,0.0353,0.0563,0.0,1.13,0.000308
1817,HISTCR,0.0355,0.0567,0.0,1.12,0.00026
1817,HISTTP,0.0355,0.0582,0.0,1.13,0.000311
1818,HISTCR,0.0356,0.0569,0.0,1.12,0.000263
1818,HISTTP,0.0356,0.0584,0.0,1.14,0.000314
1819,HISTCR,0.0358,0.0571,0.0,1.13,0.000266
1819,HISTTP,0.0358,0.0586,0.0,1.14,0.000316
1820,HISTCR,0.0359,0.0578,0.0,1.13,0.000269
1820,HISTTP,0.0359,0.0594,0.0,1.15,0.000319
1821,HISTCR,0.0362,0.0586,0.0,1.14,0.000273
1821,HISTTP,0.0362,0.0602,0.0,1.16,0.000323
1822,HISTCR,0.0364,0.0607,0.0,1.15,0.000277
1822,HISTTP,0.0364,0.0623,0.0,1.17,0.000327
1823,HISTCR,0.0367,0.0638,0.0,1.16,0.000281
1823,HISTTP,0.0367,0.0655,0.0,1.18,0.00033
1824,HISTCR,0.037,0.0657,0.0,1.18,0.000285
1824,HISTTP,0.037,0.0675,0.0,1.19,0.000334
1825,HISTCR,0.0373,0.0681,0.0,1.19,0.000289
1825,HISTTP,0.0373,0.0699,0.0,1.2,0.000338
1826,HISTCR,0.0375,0.0688,0.0,1.2,0.000293
1826,HISTTP,0.0375,0.0706,0.0,1.21,0.000341
1827,HISTCR,0.0378,0.0734,0.0,1.21,0.000297
1827,HISTTP,0.0378,0.0755,0.0,1.22,0.000345
1828,HISTCR,0.0381,0.0741,0.0,1.22,0.000301
1828,HISTTP,0.0381,0.0763,0.0,1.23,0.000349
1829,HISTCR,0.0383,0.0738,0.0,1.23,0.000305
1829,HISTTP,0.0383,0.076,0.0,1.24,0.000353
1830,HISTCR,0.0387,0.0912,0.0,1.26,0.00031
1830,HISTTP,0.0387,0.0938,0.0,1.27,0.000357
1831,HISTCR,0.0389,0.0864,0.0,1.26,0.000314
1831,HISTTP,0.039,0.0889,0.0,1.27,0.000361
1832,HISTCR,0.0392,0.087,0.0,1.27,0.00032
1832,HISTTP,0.0392,0.0895,0.0,1.28,0.000366
1833,HISTCR,0.0395,0.0888,0.0,1.28,0.000325
1833,HISTTP,0.0395,0.0914,0.0,1.29,0.000372
1834,HISTCR,0.0398,0.0907,0.0,1.29,0.00033
1834,HISTTP,0.0398,0.0934,0.0,1.31,0.000376
1835,HISTCR,0.0401,0.0928,0.0,1.3,0.000336
1835,HISTTP,0.0401,0.0956,0.0,1.32,0.000382
1836,HISTCR,0.0404,0.107,0.0,1.33,0.000342
1836,HISTTP,0.0404,0.111,0.0,1.34,0.000387
1837,HISTCR,0.0407,0.108,0.0,1.34,0.000347
1837,HISTTP,0.0407,0.111,0.0,1.35,0.000392
1838,HISTCR,0.041,0.111,0.0,1.35,0.000352
1838,HISTTP,0.041,0.114,0.0,1.37,0.000397
1839,HISTCR,0.0412,0.115,0.0,1.36,0.000357
1839,HISTTP,0.0412,0.118,0.0,1.38,0.000402
1840,HISTCR,0.0415,0.122,0.0,1.38,0.000363
1840,HISTTP,0.0415,0.126,0.0,1.4,0.000407
1841,HISTCR,0.0418,0.126,0.0,1.39,0.000369
1841,HISTTP,0.0418,0.13,0.0,1.41,0.000414
1842,HISTCR,0.0421,0.134,0.0,1.41,0.000376
1842,HISTTP,0.0421,0.138,0.0,1.43,0.000421
1843,HISTCR,0.0423,0.137,0.0,1.42,0.000383
1843,HISTTP,0.0423,0.141,0.0,1.44,0.000428
1844,HISTCR,0.0426,0.146,0.0,1.44,0.000391
1844,HISTTP,0.0426,0.15,0.0,1.46,0.000436
1845,HISTCR,0.0429,0.16,0.0,1.47,0.000399
1845,HISTTP,0.0429,0.165,0.0,1.48,0.000444
1846,HISTCR,0.0431,0.164,0.0,1.48,0.000407
1846,HISTTP,0.0431,0.169,0.0,1.49,0.000452
1847,HISTCR,0.0434,0.179,0.0,1.5,0.000416
1847,HISTTP,0.0434,0.184,0.0,1.52,0.000461
1848,HISTCR,0.0436,0.18,0.0,1.51,0.000424
1848,HISTTP,0.0436,0.185,0.0,1.53,0.000468
1849,HISTCR,0.0439,0.19,0.0,1.53,0.000432
1849,HISTTP,0.0439,0.195,0.0,1.55,0.000476
1850,HISTCR,0.0442,0.204,9.94e-05,1.56,0.000464
1850,HISTTP,0.0442,0.21,7.4e-05,1.59,0.000527
1851,HISTCR,0.0443,0.207,0.0001,1.57,0.000473
1851,HISTTP,0.0443,0.213,7.49e-05,1.6,0.000536
1852,HISTCR,0.0446,0.216,0.000101,1.59,0.000481
1852,HISTTP,0.0446,0.222,7.59e-05,1.61,0.000546
1853,HISTCR,0.0448,0.226,0.000102,1.61,0.000489
1853,HISTTP,0.0448,0.233,7.68e-05,1.64,0.000554
1854,HISTCR,0.0453,0.266,0.000103,1.66,0.000496
1854,HISTTP,0.0453,0.274,7.77e-05,1.69,0.000563
1855,HISTCR,0.0455,0.271,0.000104,1.68,0.000503
1855,HISTTP,0.0455,0.28,7.87e-05,1.7,0.000571
1856,HISTCR,0.0458,0.29,0.000105,1.71,0.00051
1856,HISTTP,0.0458,0.299,7.96e-05,1.73,0.000578
1857,HISTCR,0.046,0.293,0.000106,1.72,0.000515
1857,HISTTP,0.046,0.302,8.05e-05,1.75,0.000584
1858,HISTCR,0.0462,0.298,0.000107,1.73,0.00052
1858,HISTTP,0.0462,0.306,8.15e-05,1.76,0.00059
1859,HISTCR,0.0465,0.315,0.000108,1.76,0.000524
1859,HISTTP,0.0465,0.324,8.240000000000001e-05,1.78,0.000594
1860,HISTCR,0.0469,0.345,0.000109,1.8,0.000526
1860,HISTTP,0.0469,0.356,8.329999999999999e-05,1.83,0.000597
1861,HISTCR,0.0472,0.364,0.00011,1.83,0.000528
1861,HISTTP,0.0472,0.375,8.43e-05,1.86,0.000599
1862,HISTCR,0.0474,0.371,0.000111,1.84,0.00053
1862,HISTTP,0.0474,0.382,8.52e-05,1.87,0.000601
1863,HISTCR,0.0478,0.395,0.000112,1.87,0.000532
1863,HISTTP,0.0478,0.407,8.609999999999999e-05,1.91,0.000603
1864,HISTCR,0.0482,0.426,0.000112,1.92,0.000533
1864,HISTTP,0.0482,0.438,8.709999999999999e-05,1.95,0.000605
1865,HISTCR,0.0485,0.452,0.000113,1.95,0.000535
1865,HISTTP,0.0485,0.465,8.8e-05,1.99,0.000607
1866,HISTCR,0.0489,0.466,0.000114,1.98,0.000536
1866,HISTTP,0.0489,0.48,8.89e-05,2.01,0.000608
1867,HISTCR,0.0492,0.501,0.000115,2.02,0.000538
1867,HISTTP,0.0492,0.515,8.99e-05,2.05,0.00061
1868,HISTCR,0.0494,0.515,0.000116,2.04,0.000539
1868,HISTTP,0.0494,0.53,9.08e-05,2.08,0.000612
1869,HISTCR,0.0498,0.547,0.000117,2.08,0.000541
1869,HISTTP,0.0498,0.562,9.18e-05,2.12,0.000614
1870,HISTCR,0.05,0.559,0.000118,2.1,0.000543
1870,HISTTP,0.05,0.574,9.27e-05,2.14,0.000616
1871,HISTCR,0.0505,0.595,0.000119,2.15,0.000551
1871,HISTTP,0.0505,0.611,9.36e-05,2.19,0.000625
1872,HISTCR,0.0512,0.659,0.00012,2.24,0.000569
1872,HISTTP,0.0512,0.676,9.46e-05,2.28,0.000645
1873,HISTCR,0.0517,0.7,0.000121,2.3,0.000595
1873,HISTTP,0.0517,0.718,9.55e-05,2.35,0.000674
1874,HISTCR,0.0519,0.655,0.000122,2.27,0.000626
1874,HISTTP,0.0519,0.673,9.640000000000001e-05,2.31,0.000709
1875,HISTCR,0.0525,0.712,0.000123,2.36,0.00066
1875,HISTTP,0.0525,0.731,9.740000000000001e-05,2.4,0.000747
1876,HISTCR,0.0528,0.723,0.000124,2.39,0.000695
1876,HISTTP,0.0528,0.743,9.829999999999999e-05,2.43,0.000786
1877,HISTCR,0.0533,0.737,0.000125,2.42,0.000728
1877,HISTTP,0.0533,0.757,9.92e-05,2.47,0.000823
1878,HISTCR,0.0536,0.741,0.000126,2.44,0.000758
1878,HISTTP,0.0536,0.761,0.0001,2.49,0.000856
1879,HISTCR,0.0542,0.794,0.000126,2.52,0.000781
1879,HISTTP,0.0542,0.815,0.000101,2.57,0.000882
1880,HISTCR,0.0549,0.901,0.000127,2.65,0.000795
1880,HISTTP,0.0549,0.926,0.000102,2.7,0.000898
1881,HISTCR,0.0555,0.928,0.000128,2.7,0.000804
1881,HISTTP,0.0555,0.953,0.000103,2.75,0.000908
1882,HISTCR,0.0562,0.982,0.000129,2.77,0.000812
1882,HISTTP,0.0562,1.01,0.000104,2.83,0.000917
1883,HISTCR,0.0569,1.04,0.00013,2.85,0.000818
1883,HISTTP,0.0569,1.07,0.000105,2.91,0.000924
1884,HISTCR,0.0573,1.06,0.000131,2.88,0.000824
1884,HISTTP,0.0573,1.08,0.000106,2.94,0.000931
1885,HISTCR,0.0577,1.07,0.000132,2.9,0.00083
1885,HISTTP,0.0577,1.09,0.000107,2.96,0.000937
1886,HISTCR,0.0582,1.08,0.000133,2.93,0.000835
1886,HISTTP,0.0582,1.11,0.000108,2.99,0.000942
1887,HISTCR,0.0589,1.14,0.000134,3.01,0.00084
1887,HISTTP,0.0589,1.17,0.000109,3.07,0.000948
1888,HISTCR,0.0597,1.26,0.000135,3.16,0.000845
1888,HISTTP,0.0597,1.29,0.00011,3.22,0.000954
1889,HISTCR,0.0602,1.26,0.000136,3.17,0.000851
1889,HISTTP,0.0602,1.29,0.00011,3.23,0.000961
1890,HISTCR,0.0611,1.37,0.000137,3.32,0.000881
1890,HISTTP,0.0611,1.41,0.000111,3.38,0.000997
1891,HISTCR,0.0618,1.44,0.000155,3.4,0.000894
1891,HISTTP,0.0618,1.47,0.000125,3.47,0.00101
1892,HISTCR,0.0622,1.45,0.000202,3.43,0.000907
1892,HISTTP,0.0622,1.48,0.00016,3.5,0.00102
1893,HISTCR,0.0625,1.43,0.000273,3.43,0.00092
1893,HISTTP,0.0625,1.47,0.000213,3.5,0.00103
1894,HISTCR,0.0632,1.48,0.000363,3.5,0.000933
1894,HISTTP,0.0632,1.52,0.00028,3.57,0.00105
1895,HISTCR,0.064,1.57,0.000465,3.62,0.000946
1895,HISTTP,0.064,1.61,0.000356,3.69,0.00106
1896,HISTCR,0.0646,1.63,0.000573,3.69,0.000959
1896,HISTTP,0.0646,1.67,0.000437,3.76,0.00107
1897,HISTCR,0.0654,1.7,0.000682,3.79,0.000971
1897,HISTTP,0.0654,1.75,0.000518,3.87,0.00108
1898,HISTCR,0.0661,1.8,0.000786,3.91,0.000982
1898,HISTTP,0.0662,1.84,0.000595,3.99,0.0011
1899,HISTCR,0.0672,1.97,0.000879,4.11,0.000993
1899,HISTTP,0.0672,2.01,0.000664,4.19,0.00111
1900,HISTCR,0.0682,2.07,0.000955,4.25,0.001
1900,HISTTP,0.0682,2.12,0.000721,4.33,0.00112
1901,HISTCR,0.0689,2.14,0.00102,4.34,0.00101
1901,HISTTP,0.0689,2.19,0.000767,4.42,0.00113
1902,HISTCR,0.0695,2.2,0.00107,4.42,0.00102
1902,HISTTP,0.0695,2.25,0.00081,4.5,0.00114
1903,HISTCR,0.0707,2.39,0.00113,4.65,0.00103
1903,HISTTP,0.0707,2.45,0.00085,4.74,0.00115
1904,HISTCR,0.0713,2.42,0.00118,4.7,0.00105
1904,HISTTP,0.0713,2.48,0.000887,4.78,0.00117
1905,HISTCR,0.0722,2.57,0.00123,4.88,0.00106
1905,HISTTP,0.0722,2.63,0.000924,4.97,0.00118
1906,HISTCR,0.0733,2.71,0.00128,5.04,0.00107
1906,HISTTP,0.0733,2.77,0.000961,5.14,0.0012
1907,HISTCR,0.0751,3.06,0.00133,5.45,0.00108
1907,HISTTP,0.0751,3.13,0.000999,5.56,0.00121
1908,HISTCR,0.0751,2.96,0.00138,5.35,0.00109
1908,HISTTP,0.0752,3.03,0.00104,5.46,0.00123
1909,HISTCR,0.0762,3.07,0.00144,5.5,0.00111
1909,HISTTP,0.0762,3.14,0.00108,5.6,0.00124
1910,HISTCR,0.0771,3.22,0.00151,5.68,0.00112
1910,HISTTP,0.0772,3.29,0.00113,5.79,0.00125
1911,HISTCR,0.0779,3.27,0.00158,5.76,0.00113
1911,HISTTP,0.078,3.35,0.00119,5.87,0.00127
1912,HISTCR,0.0788,3.44,0.00165,5.95,0.00115
1912,HISTTP,0.0788,3.52,0.00124,6.07,0.00129
1913,HISTCR,0.0803,3.71,0.00173,6.28,0.00117
1913,HISTTP,0.0803,3.8,0.0013,6.4,0.00131
1914,HISTCR,0.0795,3.37,0.00182,5.92,0.0012
1914,HISTTP,0.0795,3.45,0.00136,6.04,0.00133
1915,HISTCR,0.0798,3.33,0.00191,5.89,0.00122
1915,HISTTP,0.0799,3.4,0.00143,6.0,0.00136
1916,HISTCR,0.0813,3.58,0.002,6.19,0.00125
1916,HISTTP,0.0814,3.65,0.0015,6.3,0.00139
1917,HISTCR,0.0824,3.71,0.0021,6.36,0.00128
1917,HISTTP,0.0825,3.79,0.00157,6.48,0.00142
1918,HISTCR,0.0822,3.66,0.0022,6.31,0.0013
1918,HISTTP,0.0823,3.74,0.00165,6.43,0.00144
1919,HISTCR,0.0812,3.17,0.00231,5.8,0.00132
1919,HISTTP,0.0813,3.25,0.00173,5.92,0.00146
1920,HISTCR,0.0835,3.69,0.00242,6.39,0.00134
1920,HISTTP,0.0835,3.77,0.00181,6.51,0.00149
1921,HISTCR,0.0821,3.24,0.00331,5.9,0.00136
1921,HISTTP,0.0821,3.32,0.00257,6.02,0.0015
1922,HISTCR,0.0838,3.41,0.00555,6.12,0.00137
1922,HISTTP,0.0838,3.49,0.0045,6.25,0.00152
1923,HISTCR,0.0865,3.86,0.00883,6.66,0.00139
1923,HISTTP,0.0866,3.95,0.00734,6.8,0.00155
1924,HISTCR,0.0875,3.88,0.0129,6.72,0.0014
1924,HISTTP,0.0876,3.98,0.0108,6.86,0.00157
1925,HISTCR,0.0884,3.93,0.0173,6.8,0.00142
1925,HISTTP,0.0884,4.02,0.0146,6.93,0.00159
1926,HISTCR,0.0887,3.88,0.0219,6.76,0.00143
1926,HISTTP,0.0887,3.96,0.0186,6.89,0.00161
1927,HISTCR,0.0912,4.25,0.0263,7.22,0.00145
1927,HISTTP,0.0913,4.34,0.0224,7.35,0.00163
1928,HISTCR,0.0918,4.24,0.0303,7.23,0.00146
1928,HISTTP,0.0919,4.32,0.0257,7.36,0.00165
1929,HISTCR,0.0938,4.56,0.0335,7.61,0.00147
1929,HISTTP,0.0939,4.65,0.0283,7.75,0.00166
1930,HISTCR,0.094,4.21,0.0356,7.28,0.00148
1930,HISTTP,0.094,4.3,0.03,7.41,0.00167
1931,HISTCR,0.0936,3.77,0.0366,6.82,0.00149
1931,HISTTP,0.0936,3.85,0.0307,6.95,0.00168
1932,HISTCR,0.0935,3.4,0.037,6.45,0.0015
1932,HISTTP,0.0935,3.48,0.0307,6.58,0.00169
1933,HISTCR,0.095,3.58,0.0369,6.68,0.00151
1933,HISTTP,0.0951,3.66,0.0303,6.8,0.0017
1934,HISTCR,0.0973,3.9,0.0365,7.06,0.00151
1934,HISTTP,0.0974,3.98,0.0296,7.19,0.00171
1935,HISTCR,0.0991,4.1,0.0359,7.31,0.00152
1935,HISTTP,0.0991,4.18,0.0287,7.45,0.00172
1936,HISTCR,0.102,4.5,0.0352,7.79,0.00153
1936,HISTTP,0.102,4.58,0.0278,7.93,0.00173
1937,HISTCR,0.104,4.82,0.0347,8.17,0.00155
1937,HISTTP,0.104,4.92,0.0271,8.32,0.00174
1938,HISTCR,0.104,4.54,0.0346,7.9,0.00156
1938,HISTTP,0.104,4.64,0.0266,8.06,0.00176
1939,HISTCR,0.106,4.82,0.0349,8.23,0.00158
1939,HISTTP,0.106,4.92,0.0267,8.39,0.00177
1940,HISTCR,0.108,5.2,0.0358,8.68,0.00159
1940,HISTTP,0.109,5.3,0.0273,8.85,0.00179
1941,HISTCR,0.11,5.32,0.0373,8.87,0.00165
1941,HISTTP,0.11,5.42,0.0285,9.04,0.00186
1942,HISTCR,0.111,5.33,0.039,8.95,0.00178
1942,HISTTP,0.112,5.43,0.03,9.13,0.002
1943,HISTCR,0.113,5.51,0.0411,9.24,0.00197
1943,HISTTP,0.114,5.62,0.0319,9.43,0.00219
1944,HISTCR,0.114,5.46,0.0433,9.29,0.00219
1944,HISTTP,0.116,5.57,0.0341,9.49,0.00243
1945,HISTCR,0.113,4.58,0.0458,8.44,0.00243
1945,HISTTP,0.114,4.66,0.0365,8.62,0.00268
1946,HISTCR,0.116,5.03,0.0485,9.05,0.00267
1946,HISTTP,0.118,5.14,0.039,9.26,0.00295
1947,HISTCR,0.12,5.62,0.0513,9.8,0.0029
1947,HISTTP,0.121,5.69,0.0418,9.99,0.00319
1948,HISTCR,0.121,5.93,0.0543,10.2,0.0031
1948,HISTTP,0.123,5.97,0.0446,10.4,0.00341
1949,HISTCR,0.122,5.74,0.0574,10.1,0.00325
1949,HISTTP,0.125,5.77,0.0475,10.3,0.00357
1950,HISTCR,0.125,6.18,0.0605,10.6,0.00334
1950,HISTTP,0.128,6.17,0.0504,10.8,0.00367
1951,HISTCR,0.129,6.66,0.0639,11.3,0.0034
1951,HISTTP,0.132,6.63,0.0534,11.4,0.00373
1952,HISTCR,0.131,6.76,0.0675,11.4,0.00346
1952,HISTTP,0.134,6.71,0.0566,11.5,0.0038
1953,HISTCR,0.134,6.97,0.0714,11.7,0.00353
1953,HISTTP,0.137,6.89,0.0601,11.8,0.00386
1954,HISTCR,0.137,7.15,0.0756,12.0,0.0036
1954,HISTTP,0.141,7.05,0.0637,12.1,0.00394
1955,HISTCR,0.143,7.83,0.08,12.9,0.00368
1955,HISTTP,0.147,7.7,0.0676,13.0,0.00401
1956,HISTCR,0.148,8.35,0.0847,13.6,0.00376
1956,HISTTP,0.152,8.18,0.0716,13.6,0.0041
1957,HISTCR,0.152,8.64,0.0895,14.0,0.00384
1957,HISTTP,0.156,8.44,0.0759,14.0,0.00419
1958,HISTCR,0.154,8.93,0.0945,14.4,0.00393
1958,HISTTP,0.16,8.72,0.0802,14.4,0.00428
1959,HISTCR,0.16,9.42,0.0997,15.1,0.00403
1959,HISTTP,0.167,9.18,0.0847,15.1,0.00438
1960,HISTCR,0.164,9.96,0.105,15.8,0.00413
1960,HISTTP,0.171,9.68,0.0893,15.8,0.00449
1961,HISTCR,0.165,9.98,0.111,15.9,0.00438
1961,HISTTP,0.173,9.68,0.0943,15.9,0.00475
1962,HISTCR,0.168,10.4,0.117,16.4,0.00455
1962,HISTTP,0.175,10.0,0.0999,16.4,0.00492
1963,HISTCR,0.172,11.0,0.125,17.2,0.00472
1963,HISTTP,0.18,10.6,0.106,17.1,0.00508
1964,HISTCR,0.175,11.5,0.132,17.9,0.00488
1964,HISTTP,0.183,11.1,0.112,17.8,0.00526
1965,HISTCR,0.179,12.1,0.14,18.6,0.00509
1965,HISTTP,0.188,11.6,0.119,18.5,0.00547
1966,HISTCR,0.185,12.6,0.149,19.4,0.00532
1966,HISTTP,0.195,12.1,0.126,19.3,0.0057
1967,HISTCR,0.186,13.0,0.157,19.8,0.00553
1967,HISTTP,0.197,12.4,0.133,19.7,0.00591
1968,HISTCR,0.19,13.7,0.165,20.7,0.0057
1968,HISTTP,0.2,13.1,0.14,20.5,0.0061
1969,HISTCR,0.196,14.6,0.172,21.8,0.00584
1969,HISTTP,0.207,14.0,0.147,21.6,0.00625
1970,HISTCR,0.2,15.7,0.179,23.1,0.00589
1970,HISTTP,0.212,15.2,0.154,23.0,0.00634
1971,HISTCR,0.201,16.3,0.187,23.7,0.00591
1971,HISTTP,0.213,15.8,0.162,23.6,0.0063
1972,HISTCR,0.203,17.0,0.197,24.5,0.00608
1972,HISTTP,0.217,16.5,0.172,24.5,0.00652
1973,HISTCR,0.208,17.9,0.209,25.6,0.00633
1973,HISTTP,0.223,17.4,0.185,25.6,0.00674
1974,HISTCR,0.209,17.8,0.221,25.6,0.00644
1974,HISTTP,0.223,17.3,0.199,25.6,0.00679
1975,HISTCR,0.213,17.7,0.234,25.7,0.00668
1975,HISTTP,0.226,17.3,0.214,25.7,0.00699
1976,HISTCR,0.215,18.6,0.248,26.8,0.00687
1976,HISTTP,0.23,18.2,0.23,26.8,0.00716
1977,HISTCR,0.218,19.1,0.261,27.3,0.00699
1977,HISTTP,0.233,18.7,0.246,27.4,0.00733
1978,HISTCR,0.22,19.8,0.274,28.1,0.00714
1978,HISTTP,0.234,19.4,0.261,28.2,0.00747
1979,HISTCR,0.225,20.3,0.286,28.9,0.00729
1979,HISTTP,0.239,20.0,0.276,29.1,0.00769
1980,HISTCR,0.226,20.1,0.297,28.7,0.00731
1980,HISTTP,0.238,19.9,0.289,29.0,0.00776
1981,HISTCR,0.223,19.6,0.307,28.1,0.00722
1981,HISTTP,0.232,19.4,0.301,28.3,0.00758
1982,HISTCR,0.225,19.4,0.317,28.0,0.00731
1982,HISTTP,0.235,19.3,0.314,28.2,0.00779
1983,HISTCR,0.226,19.6,0.327,28.2,0.00745
1983,HISTTP,0.235,19.5,0.327,28.5,0.00793
1984,HISTCR,0.228,20.2,0.337,29.0,0.00751
1984,HISTTP,0.238,20.1,0.34,29.3,0.00798
1985,HISTCR,0.231,20.9,0.346,29.7,0.00742
1985,HISTTP,0.241,20.8,0.353,30.1,0.00797
1986,HISTCR,0.234,21.1,0.355,30.0,0.00743
1986,HISTTP,0.244,21.1,0.365,30.5,0.008
1987,HISTCR,0.237,21.7,0.364,30.7,0.00758
1987,HISTTP,0.246,21.6,0.376,31.1,0.00818
1988,HISTCR,0.24,22.5,0.373,31.6,0.00754
1988,HISTTP,0.249,22.4,0.387,32.0,0.00817
1989,HISTCR,0.244,22.8,0.381,32.1,0.00756
1989,HISTTP,0.255,22.8,0.396,32.6,0.00824
1990,HISTCR,0.246,22.4,0.376,31.7,0.00758
1990,HISTTP,0.257,22.2,0.394,32.1,0.0083
1991,HISTCR,0.244,22.7,0.371,31.9,0.0075
1991,HISTTP,0.255,22.8,0.399,32.6,0.00829
1992,HISTCR,0.243,22.1,0.364,31.3,0.00748
1992,HISTTP,0.255,22.5,0.395,32.3,0.00832
1993,HISTCR,0.243,22.3,0.36,31.5,0.00749
1993,HISTTP,0.255,22.7,0.396,32.5,0.00827
1994,HISTCR,0.243,22.4,0.373,31.7,0.00753
1994,HISTTP,0.257,22.8,0.412,32.7,0.00838
1995,HISTCR,0.247,23.0,0.419,32.4,0.00774
1995,HISTTP,0.26,23.2,0.446,33.3,0.00858
1996,HISTCR,0.249,23.7,0.453,33.3,0.00799
1996,HISTTP,0.263,23.8,0.47,34.0,0.00877
1997,HISTCR,0.249,23.9,0.493,33.5,0.00791
1997,HISTTP,0.262,24.0,0.501,34.1,0.00861
1998,HISTCR,0.251,23.8,0.526,33.5,0.00799
1998,HISTTP,0.26,23.9,0.521,34.0,0.00871
1999,HISTCR,0.252,24.3,0.532,34.1,0.00797
1999,HISTTP,0.261,24.4,0.535,34.6,0.00879
2000,HISTCR,0.254,25.0,0.539,34.9,0.00799
2000,HISTTP,0.264,25.1,0.566,35.4,0.00876
2001,HISTCR,0.254,25.3,0.531,35.1,0.00801
2001,HISTTP,0.264,25.2,0.568,35.5,0.00874
2002,HISTCR,0.255,26.0,0.542,35.8,0.00811
2002,HISTTP,0.262,25.8,0.649,36.1,0.0088
2003,HISTCR,0.261,27.3,0.585,37.4,0.00825
2003,HISTTP,0.269,27.2,0.684,37.8,0.00886
2004,HISTCR,0.266,28.3,0.645,38.7,0.00848
2004,HISTTP,0.273,28.2,0.764,39.1,0.00911
2005,HISTCR,0.27,29.4,0.693,40.0,0.00857
2005,HISTTP,0.278,29.1,0.82,40.2,0.0092
2006,HISTCR,0.275,30.2,0.735,41.0,0.00865
2006,HISTTP,0.282,30.1,0.856,41.4,0.00933
2007,HISTCR,0.277,31.0,0.75,41.9,0.00882
2007,HISTTP,0.284,31.0,0.873,42.4,0.00957
2008,HISTCR,0.28,31.4,0.75,42.4,0.00885
2008,HISTTP,0.286,31.7,0.86,43.1,0.00946
2009,HISTCR,0.279,30.9,0.779,41.9,0.00888
2009,HISTTP,0.284,31.3,0.887,42.7,0.00935
2010,HISTCR,0.283,32.4,0.856,43.6,0.00908
2010,HISTTP,0.289,33.0,0.949,44.6,0.00959
2011,HISTCR,0.286,33.5,0.894,45.0,0.0094
2011,HISTTP,0.297,34.1,1.0,46.1,0.0099
2012,HISTCR,0.286,34.0,0.941,45.6,0.00954
2012,HISTTP,0.3,34.7,1.07,46.8,0.00995
2013,HISTCR,0.284,34.4,1.02,46.0,0.00975
2013,HISTTP,0.298,34.9,1.12,47.0,0.00989
2014,HISTCR,0.283,34.8,1.11,46.4,0.00975
2014,HISTTP,0.301,35.2,1.2,47.5,0.01
2015,HISTCR,0.287,34.9,1.07,46.6,0.00971
2015,HISTTP,0.301,35.3,1.15,47.6,0.01
2016,HISTCR,0.291,35.0,1.11,46.9,0.00976
2016,HISTTP,0.302,35.3,1.21,47.7,0.0101
2017,HISTCR,0.296,35.7,1.16,47.8,0.00986
2017,HISTTP,0.307,35.9,1.28,48.6,0.0103
2018,HISTCR,0.296,36.4,1.25,48.6,0.01
2018,HISTTP,0.312,36.7,1.35,49.6,0.0103
2019,HISTCR,0.295,36.4,1.33,48.7,0.00997
2019,HISTTP,0.314,37.2,1.41,50.2,0.0103
2020,HISTCR,0.295,34.8,1.36,47.1,0.00996
2020,HISTTP,0.311,35.6,1.47,48.6,0.0105
2021,HISTCR,0.299,36.5,1.48,49.1,0.0102
2021,HISTTP,0.317,37.3,1.54,50.6,0.0106
2022,HISTCR,0.299,36.8,1.55,49.4,0.0101
2022,HISTTP,0.324,37.8,1.61,51.3,0.0106
2023,HISTCR,0.3,37.2,1.6,50.0,0.0102
2023,HISTTP,0.329,38.2,1.67,52.0,0.0107
2024,HISTCR,0.302,37.6,1.7,50.5,0.0103
2024,HISTTP,0.331,38.7,1.74,52.6,0.0108
