geography_type,geography_code,geography_name,parent_geography,clock_basis,observation_count,mean_demand_mw,minimum_demand_mw,minimum_time_end,peak_demand_mw,peak_time_end,load_factor_mean_divided_by_peak,maximum_one_hour_increase_mw,maximum_one_hour_increase_time_end,maximum_one_hour_decrease_mw,maximum_one_hour_decrease_time_end,unit,source_id
balancing_authority,AECI,AECI,MIDW,UTC,8784,2477.194,1321.0,2024-05-11T10:00,6057.0,2024-01-16T14:00,0.40898,447.0,2024-01-17T00:00,-394.0,2024-08-27T04:00,MW,SRC-EIA-930
balancing_authority,AVA,AVA,NW,UTC,8784,1474.274,953.0,2024-10-02T11:00,2643.0,2024-10-24T03:00,0.557803,1071.0,2024-10-24T03:00,-1109.0,2024-10-24T04:00,MW,SRC-EIA-930
balancing_authority,AZPS,AZPS,SW,UTC,8784,4097.493,1975.0,2024-04-06T22:00,9020.0,2024-05-14T20:00,0.454268,5371.0,2024-03-07T16:00,-5487.0,2024-03-07T18:00,MW,SRC-EIA-930
balancing_authority,BANC,BANC,CAL,UTC,8784,2038.094,1314.0,2024-04-21T12:00,4716.0,2024-07-12T00:00,0.432166,1632.0,2024-12-19T22:00,-1663.0,2024-12-19T23:00,MW,SRC-EIA-930
balancing_authority,BPAT,BPAT,NW,UTC,8784,6724.987,4712.0,2024-05-12T11:00,11496.0,2024-01-13T19:00,0.584985,2514.0,2024-01-11T23:00,-2578.0,2024-01-11T22:00,MW,SRC-EIA-930
balancing_authority,CHPD,CHPD,NW,UTC,8784,224.7,125.0,2024-06-02T11:00,583.0,2024-01-13T16:00,0.38542,52.0,2024-12-26T13:00,-37.0,2024-02-17T20:00,MW,SRC-EIA-930
balancing_authority,CISO,CISO,CAL,UTC,8760,25505.134,14794.0,2024-05-06T00:00,47571.0,2024-09-06T02:00,0.536149,4136.0,2024-09-09T17:00,-3499.0,2024-09-10T07:00,MW,SRC-EIA-930
balancing_authority,CPLE,CPLE,CAR,UTC,8784,6982.432,4150.0,2024-04-01T08:00,13228.0,2024-01-22T12:00,0.527852,1829.0,2024-06-07T18:00,-1724.0,2024-01-22T16:00,MW,SRC-EIA-930
balancing_authority,CPLW,CPLW,CAR,UTC,8784,537.679,47.0,2024-09-28T07:00,1263.0,2024-01-17T14:00,0.425715,200.0,2024-03-21T11:00,-176.0,2024-02-20T15:00,MW,SRC-EIA-930
balancing_authority,DOPD,DOPD,NW,UTC,8784,271.938,179.0,2024-04-03T10:00,553.0,2024-01-13T16:00,0.49175,39.0,2024-01-15T16:00,-34.0,2024-03-05T17:00,MW,SRC-EIA-930
balancing_authority,DUK,DUK,CAR,UTC,8784,12310.003,6395.0,2024-09-28T09:00,21587.0,2024-01-17T13:00,0.570251,1670.0,2024-07-05T16:00,-1811.0,2024-01-22T15:00,MW,SRC-EIA-930
balancing_authority,EPE,EPE,SW,UTC,8784,1053.76,580.0,2024-03-03T18:00,2314.0,2024-06-25T23:00,0.455385,924.0,2024-06-04T19:00,-646.0,2024-06-04T20:00,MW,SRC-EIA-930
balancing_authority,ERCO,ERCO,TEX,UTC,8784,52779.794,36190.0,2024-03-24T10:00,85544.0,2024-08-20T23:00,0.61699,5487.0,2024-08-07T17:00,-4730.0,2024-08-08T05:00,MW,SRC-EIA-930
balancing_authority,FMPP,FMPP,FLA,UTC,8784,2163.34,1072.0,2024-10-10T10:00,3765.0,2024-06-06T21:00,0.574592,676.0,2024-06-25T13:00,-477.0,2024-05-27T05:00,MW,SRC-EIA-930
balancing_authority,FPC,FPC,FLA,UTC,8784,6600.018,2412.0,2024-10-10T10:00,11956.0,2024-06-06T21:00,0.552026,1026.0,2024-12-12T12:00,-1011.0,2024-02-20T15:00,MW,SRC-EIA-930
balancing_authority,FPL,FPL,FLA,UTC,8784,16528.767,39.0,2024-03-10T00:00,32218.0,2024-02-01T05:00,0.513029,19935.0,2024-02-01T05:00,-21789.0,2024-02-01T06:00,MW,SRC-EIA-930
balancing_authority,GCPD,GCPD,NW,UTC,8784,761.134,575.0,2024-10-27T05:00,1058.0,2024-07-10T21:00,0.719408,59.0,2024-05-16T00:00,-71.0,2024-10-27T04:00,MW,SRC-EIA-930
balancing_authority,GVL,GVL,FLA,UTC,8784,242.57,113.0,2024-09-27T07:00,461.0,2024-08-08T21:00,0.526182,211.0,2024-12-18T03:00,-251.0,2024-12-18T04:00,MW,SRC-EIA-930
balancing_authority,HST,HST,FLA,UTC,8784,73.138,32.0,2024-01-21T09:00,126.0,2024-05-18T22:00,0.580457,62.0,2024-06-03T15:00,-22.0,2024-06-03T16:00,MW,SRC-EIA-930
balancing_authority,IID,IID,CAL,UTC,8784,444.253,0.0,2024-02-10T09:00,1177.0,2024-09-06T00:00,0.377445,719.0,2024-10-13T00:00,-396.0,2024-10-12T09:00,MW,SRC-EIA-930
balancing_authority,IPCO,IPCO,NW,UTC,8784,2135.955,1254.0,2024-04-03T09:00,4111.0,2024-07-23T01:00,0.519571,434.0,2024-09-24T21:00,-378.0,2024-03-08T19:00,MW,SRC-EIA-930
balancing_authority,ISNE,ISNE,NE,UTC,8784,13026.891,7392.0,2024-04-27T16:00,24255.0,2024-07-16T23:00,0.537081,2563.0,2024-04-08T20:00,-1825.0,2024-06-27T03:00,MW,SRC-EIA-930
balancing_authority,JEA,JEA,FLA,UTC,8784,1556.708,886.0,2024-04-14T09:00,2765.0,2024-08-09T20:00,0.563005,265.0,2024-01-17T12:00,-239.0,2024-07-08T20:00,MW,SRC-EIA-930
balancing_authority,LDWP,LDWP,CAL,UTC,8784,2595.877,24.0,2024-11-07T08:00,6158.0,2024-09-06T23:00,0.421545,2331.0,2024-11-05T03:00,-2291.0,2024-11-06T22:00,MW,SRC-EIA-930
balancing_authority,LGEE,LGEE,MIDW,UTC,8784,4288.983,2629.0,2024-03-31T11:00,7651.0,2024-01-17T14:00,0.560578,635.0,2024-08-29T15:00,-585.0,2024-06-19T04:00,MW,SRC-EIA-930
balancing_authority,MISO,MISO,MIDW,UTC,8784,73602.477,52878.0,2024-04-14T11:00,118635.0,2024-08-26T22:00,0.620411,6160.0,2024-08-04T16:00,-6369.0,2024-08-27T04:00,MW,SRC-EIA-930
balancing_authority,NEVP,NEVP,NW,UTC,8784,4676.615,3024.0,2024-11-03T11:00,9797.0,2024-07-11T01:00,0.477352,926.0,2024-09-28T21:00,-921.0,2024-07-04T06:00,MW,SRC-EIA-930
balancing_authority,NWMT,NWMT,NW,UTC,8784,1368.695,120.0,2024-08-20T20:00,2079.0,2024-01-14T01:00,0.658343,1454.0,2024-08-20T21:00,-1360.0,2024-08-20T20:00,MW,SRC-EIA-930
balancing_authority,NYIS,NYIS,NY,UTC,8784,17176.726,0.0,2024-01-18T00:00,28990.0,2024-07-08T22:00,0.592505,22452.0,2024-01-18T01:00,-22718.0,2024-01-18T00:00,MW,SRC-EIA-930
balancing_authority,PACE,PACE,NW,UTC,8784,6007.513,4394.0,2024-09-22T11:00,9562.0,2024-08-07T00:00,0.62827,685.0,2024-08-06T15:00,-705.0,2024-07-26T06:00,MW,SRC-EIA-930
balancing_authority,PACW,PACW,NW,UTC,8784,2422.874,1582.0,2024-05-27T11:00,4005.0,2024-07-10T01:00,0.604962,374.0,2024-03-14T14:00,-323.0,2024-07-10T06:00,MW,SRC-EIA-930
balancing_authority,PGE,PGE,NW,UTC,8784,2584.327,1793.0,2024-05-27T11:00,4375.0,2024-07-10T02:00,0.590703,382.0,2024-12-30T15:00,-366.0,2024-07-10T07:00,MW,SRC-EIA-930
balancing_authority,PJM,PJM,MIDA,UTC,8783,92788.048,56260.0,2024-11-21T17:00,153121.0,2024-07-16T22:00,0.605979,39222.0,2024-11-21T18:00,-38552.0,2024-11-21T17:00,MW,SRC-EIA-930
balancing_authority,PNM,PNM,SW,UTC,8784,1670.187,1154.0,2024-11-02T19:00,2754.0,2024-08-21T01:00,0.606459,343.0,2024-11-24T01:00,-235.0,2024-11-24T02:00,MW,SRC-EIA-930
balancing_authority,PSCO,PSCO,NW,UTC,8784,5176.902,1712.0,2024-10-14T23:00,9285.0,2024-08-02T00:00,0.557555,3601.0,2024-10-15T00:00,-3588.0,2024-10-14T23:00,MW,SRC-EIA-930
balancing_authority,PSEI,PSEI,NW,UTC,8784,2833.069,1797.0,2024-06-09T12:00,5293.0,2024-01-13T02:00,0.535248,415.0,2024-03-14T14:00,-520.0,2024-11-20T04:00,MW,SRC-EIA-930
balancing_authority,SC,SC,CAR,UTC,8784,3055.426,1919.0,2024-04-15T08:00,5219.0,2024-01-22T13:00,0.585443,747.0,2024-10-16T23:00,-1123.0,2024-10-16T15:00,MW,SRC-EIA-930
balancing_authority,SCEG,SCEG,CAR,UTC,8784,2811.224,1700.0,2024-09-28T08:00,4784.0,2024-06-25T21:00,0.587631,470.0,2024-08-18T14:00,-445.0,2024-09-27T10:00,MW,SRC-EIA-930
balancing_authority,SCL,SCL,NW,UTC,8784,1074.055,197.0,2024-09-03T21:00,2027.0,2024-01-13T02:00,0.529874,1221.0,2024-11-20T02:00,-1142.0,2024-11-20T01:00,MW,SRC-EIA-930
balancing_authority,SEC,SEC,FLA,UTC,8783,235.665,0.0,2024-02-26T12:00,1354.0,2024-12-26T03:00,0.174051,1147.0,2024-12-26T03:00,-1171.0,2024-12-26T04:00,MW,SRC-EIA-930
balancing_authority,SOCO,SOCO,SE,UTC,8784,27252.294,17007.0,2024-09-28T10:00,47368.0,2024-01-17T13:00,0.575331,3326.0,2024-07-14T16:00,-3087.0,2024-08-18T00:00,MW,SRC-EIA-930
balancing_authority,SPA,SPA,CENT,UTC,8784,22.46,1.0,2024-07-17T11:00,112.0,2024-11-01T15:00,0.200532,93.0,2024-11-01T15:00,-87.0,2024-11-01T16:00,MW,SRC-EIA-930
balancing_authority,SRP,SRP,SW,UTC,8784,4062.368,2447.0,2024-03-12T10:00,8356.0,2024-08-05T00:00,0.486162,722.0,2024-06-20T19:00,-709.0,2024-06-25T03:00,MW,SRC-EIA-930
balancing_authority,SWPP,SWPP,CENT,UTC,8784,33018.966,23816.0,2024-04-29T09:00,54247.0,2024-07-15T22:00,0.608678,7964.0,2024-07-19T06:00,-12220.0,2024-07-19T05:00,MW,SRC-EIA-930
balancing_authority,TAL,TAL,FLA,UTC,8784,325.0,109.0,2024-05-10T13:00,594.0,2024-08-28T20:00,0.547138,53.0,2024-01-10T12:00,-178.0,2024-05-10T12:00,MW,SRC-EIA-930
balancing_authority,TEC,TEC,FLA,UTC,8784,2543.479,457.0,2024-10-10T10:00,4383.0,2024-06-06T21:00,0.580306,379.0,2024-01-17T12:00,-433.0,2024-07-19T00:00,MW,SRC-EIA-930
balancing_authority,TEPC,TEPC,SW,UTC,8784,1649.759,331.0,2024-05-22T21:00,3319.0,2024-07-09T01:00,0.497065,1338.0,2024-05-22T22:00,-1074.0,2024-05-22T21:00,MW,SRC-EIA-930
balancing_authority,TIDC,TIDC,CAL,UTC,8784,334.909,0.0,2024-03-10T10:00,714.0,2024-07-12T01:00,0.46906,273.0,2024-04-11T08:00,-305.0,2024-04-11T00:00,MW,SRC-EIA-930
balancing_authority,TPWR,TPWR,NW,UTC,8784,518.838,313.0,2024-06-24T11:00,984.0,2024-01-13T02:00,0.527275,83.0,2024-03-14T14:00,-64.0,2024-07-10T07:00,MW,SRC-EIA-930
balancing_authority,TVA,TVA,TEN,UTC,8784,18820.249,12087.0,2024-03-31T09:00,34351.0,2024-01-17T14:00,0.547881,2491.0,2024-07-13T15:00,-2304.0,2024-02-01T16:00,MW,SRC-EIA-930
balancing_authority,WACM,WACM,NW,UTC,8784,3864.621,388.0,2024-08-01T05:00,5870.0,2024-08-03T00:00,0.658368,3841.0,2024-08-01T06:00,-4330.0,2024-08-01T04:00,MW,SRC-EIA-930
balancing_authority,WALC,WALC,SW,UTC,8784,967.167,22.0,2024-12-25T11:00,2070.0,2024-10-10T01:00,0.46723,963.0,2024-10-10T01:00,-865.0,2024-10-10T02:00,MW,SRC-EIA-930
balancing_authority,WAUW,WAUW,NW,UTC,8784,91.509,45.0,2024-09-17T11:00,164.0,2024-07-24T22:00,0.557982,67.0,2024-07-16T18:00,-65.0,2024-07-16T17:00,MW,SRC-EIA-930
eia_930_reporting_footprint,EIA930-US,EIA-930 reporting footprint,United States,UTC,8756,478055.928,339780.0,2024-04-14T09:00,745020.0,2024-07-15T22:00,0.641669,38570.0,2024-07-14T16:00,-41550.0,2024-08-01T04:00,MW,SRC-EIA-930
eia_region,CAL,CAL,United States,UTC,8760,30922.135,18941.0,2024-05-06T00:00,58867.0,2024-09-06T02:00,0.525288,4825.0,2024-09-09T17:00,-4344.0,2024-09-10T07:00,MW,SRC-EIA-930
eia_region,CAR,CAR,United States,UTC,8784,25696.765,15571.0,2024-09-28T09:00,44816.0,2024-01-22T13:00,0.573384,3247.0,2024-01-30T12:00,-4360.0,2024-01-22T16:00,MW,SRC-EIA-930
eia_region,CENT,CENT,United States,UTC,8784,33041.426,23829.0,2024-04-29T09:00,54279.0,2024-07-15T22:00,0.608733,7964.0,2024-07-19T06:00,-12214.0,2024-07-19T05:00,MW,SRC-EIA-930
eia_region,FLA,FLA,United States,UTC,8783,30269.195,15653.0,2024-03-10T00:00,52426.0,2024-08-13T22:00,0.57737,19206.0,2024-02-01T05:00,-22205.0,2024-02-01T06:00,MW,SRC-EIA-930
eia_region,MIDA,MIDA,United States,UTC,8783,92788.048,56260.0,2024-11-21T17:00,153121.0,2024-07-16T22:00,0.605979,39222.0,2024-11-21T18:00,-38552.0,2024-11-21T17:00,MW,SRC-EIA-930
eia_region,MIDW,MIDW,United States,UTC,8783,80369.517,57300.0,2024-04-14T10:00,129798.0,2024-08-26T22:00,0.619189,7065.0,2024-08-04T16:00,-7208.0,2024-08-27T04:00,MW,SRC-EIA-930
eia_region,NE,NE,United States,UTC,8784,13026.891,7392.0,2024-04-27T16:00,24255.0,2024-07-16T23:00,0.537081,2563.0,2024-04-08T20:00,-1825.0,2024-06-27T03:00,MW,SRC-EIA-930
eia_region,NW,NW,United States,UTC,8783,42212.164,30409.0,2024-09-22T11:00,64852.0,2024-08-02T01:00,0.6509,5027.0,2024-08-29T16:00,-6469.0,2024-08-01T04:00,MW,SRC-EIA-930
eia_region,NY,NY,United States,UTC,8784,17176.726,0.0,2024-01-18T00:00,28990.0,2024-07-08T22:00,0.592505,22452.0,2024-01-18T01:00,-22718.0,2024-01-18T00:00,MW,SRC-EIA-930
eia_region,SE,SE,United States,UTC,8784,27252.294,17007.0,2024-09-28T10:00,47368.0,2024-01-17T13:00,0.575331,3326.0,2024-07-14T16:00,-3087.0,2024-08-18T00:00,MW,SRC-EIA-930
eia_region,SW,SW,United States,UTC,8784,13500.734,8560.0,2024-04-06T22:00,25469.0,2024-08-05T00:00,0.530085,6004.0,2024-05-14T20:00,-5640.0,2024-03-07T18:00,MW,SRC-EIA-930
eia_region,TEN,TEN,United States,UTC,8784,18820.249,12087.0,2024-03-31T09:00,34351.0,2024-01-17T14:00,0.547881,2491.0,2024-07-13T15:00,-2304.0,2024-02-01T16:00,MW,SRC-EIA-930
eia_region,TEX,TEX,United States,UTC,8784,52779.794,36190.0,2024-03-24T10:00,85544.0,2024-08-20T23:00,0.61699,5487.0,2024-08-07T17:00,-4730.0,2024-08-08T05:00,MW,SRC-EIA-930
subregion,CISO:PGAE,CISO:PGAE,CISO,UTC,8736,11246.844,5907.0,2024-03-17T23:00,21155.0,2024-07-12T04:00,0.53164,1518.0,2024-02-26T02:00,-1670.0,2024-02-09T20:00,MW,SRC-EIA-930
subregion,CISO:SCE,CISO:SCE,CISO,UTC,8736,12082.646,7269.0,2024-04-08T00:00,25566.0,2024-09-07T01:00,0.472606,3428.0,2024-09-04T17:00,-2634.0,2024-12-26T01:00,MW,SRC-EIA-930
subregion,CISO:SDGE,CISO:SDGE,CISO,UTC,8736,2089.757,522.0,2024-05-18T22:00,4798.0,2024-09-09T03:00,0.435547,733.0,2024-08-12T00:00,-773.0,2024-05-09T20:00,MW,SRC-EIA-930
subregion,CISO:VEA,CISO:VEA,CISO,UTC,8736,92.844,0.0,2024-01-25T21:00,250.0,2024-08-09T19:00,0.371375,179.0,2024-02-09T03:00,-149.0,2024-11-23T03:00,MW,SRC-EIA-930
subregion,ERCO:COAS,ERCO:COAS,ERCO,UTC,8784,13750.968,4935.0,2024-07-08T17:00,23100.0,2024-08-21T22:00,0.59528,1576.0,2024-09-21T15:00,-2347.0,2024-05-17T01:00,MW,SRC-EIA-930
subregion,ERCO:EAST,ERCO:EAST,ERCO,UTC,8784,1825.139,863.0,2024-01-23T09:00,3518.0,2024-01-16T15:00,0.5188,920.0,2024-02-12T19:00,-1013.0,2024-02-12T17:00,MW,SRC-EIA-930
subregion,ERCO:FWES,ERCO:FWES,ERCO,UTC,8778,6777.68,4777.0,2024-01-15T18:00,8463.0,2024-12-31T16:00,0.80086,1144.0,2024-11-11T15:00,-838.0,2024-09-02T21:00,MW,SRC-EIA-930
subregion,ERCO:NCEN,ERCO:NCEN,ERCO,UTC,8779,14798.017,8797.0,2024-03-21T09:00,27959.0,2024-08-19T23:00,0.529276,2398.0,2024-01-12T13:00,-2143.0,2024-08-24T01:00,MW,SRC-EIA-930
subregion,ERCO:NRTH,ERCO:NRTH,ERCO,UTC,8782,1668.303,1024.0,2024-04-24T13:00,2644.0,2024-08-01T01:00,0.630977,441.0,2024-11-25T15:00,-437.0,2024-10-08T00:00,MW,SRC-EIA-930
subregion,ERCO:SCEN,ERCO:SCEN,ERCO,UTC,8784,8540.196,5074.0,2024-03-11T09:00,15564.0,2024-08-21T23:00,0.548715,1160.0,2024-08-21T17:00,-1128.0,2024-05-10T03:00,MW,SRC-EIA-930
subregion,ERCO:SOUT,ERCO:SOUT,ERCO,UTC,8784,4168.463,2476.0,2024-02-04T09:00,6924.0,2024-01-16T16:00,0.602031,559.0,2024-05-15T17:00,-527.0,2024-07-07T01:00,MW,SRC-EIA-930
subregion,ERCO:WEST,ERCO:WEST,ERCO,UTC,8784,1349.718,660.0,2024-10-19T10:00,2476.0,2024-01-15T15:00,0.54512,427.0,2024-12-10T05:00,-313.0,2024-12-10T02:00,MW,SRC-EIA-930
subregion,ISNE:4001,ISNE:4001,ISNE,UTC,8784,1252.627,812.0,2024-04-05T08:00,1955.0,2024-07-15T23:00,0.64073,183.0,2024-12-19T12:00,-172.0,2024-03-24T02:00,MW,SRC-EIA-930
subregion,ISNE:4002,ISNE:4002,ISNE,UTC,8784,1295.328,824.0,2024-05-19T08:00,2439.0,2024-07-16T22:00,0.53109,168.0,2024-02-14T12:00,-227.0,2024-07-17T01:00,MW,SRC-EIA-930
subregion,ISNE:4003,ISNE:4003,ISNE,UTC,8784,544.305,123.0,2024-04-27T17:00,910.0,2024-12-23T16:00,0.598137,235.0,2024-04-08T20:00,-169.0,2024-02-06T15:00,MW,SRC-EIA-930
subregion,ISNE:4004,ISNE:4004,ISNE,UTC,8784,3040.68,1906.0,2024-05-05T08:00,6002.0,2024-07-15T21:00,0.506611,429.0,2024-04-08T20:00,-652.0,2024-06-27T03:00,MW,SRC-EIA-930
subregion,ISNE:4005,ISNE:4005,ISNE,UTC,8784,870.683,407.0,2024-09-25T02:00,2403.0,2024-07-15T20:00,0.362332,628.0,2024-07-15T05:00,-760.0,2024-07-16T05:00,MW,SRC-EIA-930
subregion,ISNE:4006,ISNE:4006,ISNE,UTC,8784,1585.68,924.0,2024-04-27T19:00,3324.0,2024-07-16T22:00,0.47704,273.0,2024-04-08T20:00,-311.0,2024-06-21T03:00,MW,SRC-EIA-930
subregion,ISNE:4007,ISNE:4007,ISNE,UTC,8784,1788.435,1130.0,2024-04-27T18:00,3169.0,2024-07-16T23:00,0.564353,266.0,2024-04-08T20:00,-248.0,2024-06-21T02:00,MW,SRC-EIA-930
subregion,ISNE:4008,ISNE:4008,ISNE,UTC,8784,2673.83,1755.0,2024-04-30T08:00,5226.0,2024-06-20T21:00,0.51164,307.0,2024-12-10T12:00,-528.0,2024-06-21T02:00,MW,SRC-EIA-930
subregion,MISO:0001,MISO:0001,MISO,UTC,8760,10688.102,7856.0,2024-05-27T09:00,16912.0,2024-08-26T23:00,0.631983,947.0,2024-10-23T12:00,-1167.0,2024-07-31T05:00,MW,SRC-EIA-930
subregion,MISO:0004,MISO:0004,MISO,UTC,8760,4997.559,3311.0,2024-03-31T09:00,8852.0,2024-08-27T23:00,0.564568,497.0,2024-08-27T17:00,-642.0,2024-08-28T04:00,MW,SRC-EIA-930
subregion,MISO:0006,MISO:0006,MISO,UTC,8760,9897.633,6829.0,2024-05-12T10:00,16294.0,2024-08-27T22:00,0.60744,930.0,2024-12-05T12:00,-1154.0,2024-07-16T04:00,MW,SRC-EIA-930
subregion,MISO:0027,MISO:0027,MISO,UTC,8760,17912.937,12629.0,2024-10-13T09:00,31277.0,2024-08-26T22:00,0.572719,1599.0,2024-08-25T16:00,-2113.0,2024-08-27T23:00,MW,SRC-EIA-930
subregion,MISO:0035,MISO:0035,MISO,UTC,8760,10103.076,7028.0,2024-05-12T09:00,16927.0,2024-06-25T21:00,0.596862,977.0,2024-02-28T13:00,-983.0,2024-06-26T01:00,MW,SRC-EIA-930
subregion,MISO:8910,MISO:8910,MISO,UTC,8760,19980.535,13916.0,2024-04-14T10:00,32368.0,2024-08-06T22:00,0.617293,2134.0,2024-08-06T16:00,-1787.0,2024-08-06T04:00,MW,SRC-EIA-930
subregion,NYIS:ZONA,NYIS:ZONA,NYIS,UTC,8781,1754.648,1324.0,2024-04-07T19:00,2710.0,2024-07-29T23:00,0.647471,275.0,2024-08-27T19:00,-166.0,2024-07-16T18:00,MW,SRC-EIA-930
subregion,NYIS:ZONB,NYIS:ZONB,NYIS,UTC,8781,1063.357,612.0,2024-04-07T20:00,1915.0,2024-06-20T00:00,0.555278,205.0,2024-07-16T17:00,-186.0,2024-07-15T22:00,MW,SRC-EIA-930
subregion,NYIS:ZONC,NYIS:ZONC,NYIS,UTC,8781,1666.418,980.0,2024-10-12T18:00,2757.0,2024-06-20T00:00,0.604432,271.0,2024-10-09T21:00,-256.0,2024-10-18T14:00,MW,SRC-EIA-930
subregion,NYIS:ZOND,NYIS:ZOND,NYIS,UTC,8781,643.693,442.0,2024-12-30T06:00,827.0,2024-01-19T23:00,0.778346,148.0,2024-10-18T23:00,-196.0,2024-07-15T20:00,MW,SRC-EIA-930
subregion,NYIS:ZONE,NYIS:ZONE,NYIS,UTC,8781,818.428,420.0,2024-10-12T19:00,1391.0,2024-07-15T23:00,0.588374,206.0,2024-02-08T20:00,-161.0,2024-11-13T14:00,MW,SRC-EIA-930
subregion,NYIS:ZONF,NYIS:ZONF,NYIS,UTC,8781,1297.525,711.0,2024-04-28T16:00,2365.0,2024-07-10T22:00,0.548637,234.0,2024-10-09T21:00,-233.0,2024-07-16T03:00,MW,SRC-EIA-930
subregion,NYIS:ZONG,NYIS:ZONG,NYIS,UTC,8781,1056.61,498.0,2024-05-11T16:00,2229.0,2024-07-16T22:00,0.474029,273.0,2024-10-09T21:00,-260.0,2024-06-27T02:00,MW,SRC-EIA-930
subregion,NYIS:ZONH,NYIS:ZONH,NYIS,UTC,8781,314.179,172.0,2024-05-04T09:00,648.0,2024-07-16T22:00,0.484845,69.0,2024-08-02T15:00,-96.0,2024-06-27T02:00,MW,SRC-EIA-930
subregion,NYIS:ZONI,NYIS:ZONI,NYIS,UTC,8781,650.984,413.0,2024-04-09T08:00,1331.0,2024-07-16T23:00,0.489094,109.0,2024-05-22T12:00,-111.0,2024-06-27T02:00,MW,SRC-EIA-930
subregion,NYIS:ZONJ,NYIS:ZONJ,NYIS,UTC,8781,5657.607,3743.0,2024-05-12T09:00,10244.0,2024-07-16T22:00,0.552285,610.0,2024-06-20T12:00,-694.0,2024-06-15T00:00,MW,SRC-EIA-930
subregion,NYIS:ZONK,NYIS:ZONK,NYIS,UTC,8781,2253.647,1230.0,2024-03-31T19:00,4935.0,2024-07-16T22:00,0.456666,393.0,2024-03-22T21:00,-371.0,2024-08-04T00:00,MW,SRC-EIA-930
subregion,PJM:AE,PJM:AE,PJM,UTC,8735,1168.562,489.0,2024-04-14T17:00,2613.0,2024-07-15T23:00,0.447211,265.0,2024-04-08T20:00,-244.0,2024-07-17T03:00,MW,SRC-EIA-930
subregion,PJM:AEP,PJM:AEP,PJM,UTC,8735,14939.114,10352.0,2024-09-08T09:00,22318.0,2024-01-17T14:00,0.669375,1475.0,2024-06-22T15:00,-1517.0,2024-08-27T03:00,MW,SRC-EIA-930
subregion,PJM:AP,PJM:AP,PJM,UTC,8735,5633.419,3618.0,2024-10-06T09:00,8992.0,2024-01-22T13:00,0.626492,634.0,2024-07-16T15:00,-624.0,2024-08-01T03:00,MW,SRC-EIA-930
subregion,PJM:ATSI,PJM:ATSI,PJM,UTC,8735,7652.616,5251.0,2024-10-13T07:00,12511.0,2024-06-20T19:00,0.611671,848.0,2024-08-05T15:00,-1257.0,2024-08-06T21:00,MW,SRC-EIA-930
subregion,PJM:BC,PJM:BC,PJM,UTC,8735,3479.378,2168.0,2024-11-02T08:00,6854.0,2024-07-16T22:00,0.507642,450.0,2024-07-14T14:00,-718.0,2024-07-17T03:00,MW,SRC-EIA-930
subregion,PJM:CE,PJM:CE,PJM,UTC,8735,10659.291,7283.0,2024-09-08T10:00,21657.0,2024-08-27T22:00,0.492187,1398.0,2024-06-17T13:00,-2352.0,2024-07-16T04:00,MW,SRC-EIA-930
subregion,PJM:DAY,PJM:DAY,PJM,UTC,8735,1972.875,1217.0,2024-09-08T09:00,3365.0,2024-08-06T22:00,0.586293,227.0,2024-07-26T16:00,-285.0,2024-07-24T03:00,MW,SRC-EIA-930
subregion,PJM:DEOK,PJM:DEOK,PJM,UTC,8735,2996.704,1906.0,2024-03-31T09:00,5163.0,2024-08-28T21:00,0.580419,391.0,2024-11-01T14:00,-497.0,2024-07-14T21:00,MW,SRC-EIA-930
subregion,PJM:DOM,PJM:DOM,PJM,UTC,8735,14198.917,10003.0,2024-04-21T08:00,23220.0,2024-07-16T22:00,0.611495,1369.0,2024-06-22T15:00,-1991.0,2024-01-22T15:00,MW,SRC-EIA-930
subregion,PJM:DPL,PJM:DPL,PJM,UTC,8735,2081.044,1278.0,2024-04-15T08:00,4094.0,2024-07-16T22:00,0.508316,289.0,2024-07-14T14:00,-359.0,2024-03-01T14:00,MW,SRC-EIA-930
subregion,PJM:DUQ,PJM:DUQ,PJM,UTC,8735,1531.481,1057.0,2024-10-09T07:00,2676.0,2024-07-15T21:00,0.572302,187.0,2024-06-22T14:00,-472.0,2024-06-17T22:00,MW,SRC-EIA-930
subregion,PJM:EKPC,PJM:EKPC,PJM,UTC,8735,1617.105,895.0,2024-04-15T07:00,3753.0,2024-01-17T13:00,0.430883,321.0,2024-07-27T16:00,-407.0,2024-01-17T16:00,MW,SRC-EIA-930
subregion,PJM:JC,PJM:JC,PJM,UTC,8735,2527.186,1312.0,2024-04-14T19:00,6175.0,2024-07-16T22:00,0.409261,944.0,2024-05-28T22:00,-666.0,2024-06-27T01:00,MW,SRC-EIA-930
subregion,PJM:ME,PJM:ME,PJM,UTC,8735,1799.031,1066.0,2024-09-08T09:00,3132.0,2024-07-16T20:00,0.574403,376.0,2024-01-17T16:00,-233.0,2024-07-17T00:00,MW,SRC-EIA-930
subregion,PJM:PE,PJM:PE,PJM,UTC,8735,4406.98,2753.0,2024-10-13T09:00,8653.0,2024-07-16T21:00,0.509301,557.0,2024-07-14T14:00,-898.0,2024-07-17T02:00,MW,SRC-EIA-930
subregion,PJM:PEP,PJM:PEP,PJM,UTC,8735,3246.718,2033.0,2024-11-09T09:00,6251.0,2024-07-16T22:00,0.519392,445.0,2024-02-29T12:00,-519.0,2024-06-27T03:00,MW,SRC-EIA-930
subregion,PJM:PL,PJM:PL,PJM,UTC,8735,4727.803,3027.0,2024-10-06T08:00,7425.0,2024-07-10T21:00,0.636741,1219.0,2024-01-16T23:00,-600.0,2024-01-24T17:00,MW,SRC-EIA-930
subregion,PJM:PN,PJM:PN,PJM,UTC,8735,1970.724,1048.0,2024-10-24T06:00,2998.0,2024-07-10T19:00,0.657346,370.0,2024-11-07T13:00,-449.0,2024-12-10T05:00,MW,SRC-EIA-930
subregion,PJM:PS,PJM:PS,PJM,UTC,8735,4888.506,2820.0,2024-03-31T19:00,10158.0,2024-07-16T22:00,0.481247,661.0,2024-04-08T20:00,-824.0,2024-07-18T02:00,MW,SRC-EIA-930
subregion,PJM:RECO,PJM:RECO,PJM,UTC,8735,169.77,108.0,2024-03-31T18:00,416.0,2024-07-16T20:00,0.408101,37.0,2024-07-15T19:00,-35.0,2024-07-17T21:00,MW,SRC-EIA-930
subregion,PNM:ACMA,PNM:ACMA,PNM,UTC,8784,2.033,1.0,2024-01-21T12:00,3.0,2024-01-08T16:00,0.677596,1.0,2024-01-08T16:00,-2.0,2024-04-16T07:00,MW,SRC-EIA-930
subregion,PNM:CYGA,PNM:CYGA,PNM,UTC,8784,21.18,9.0,2024-05-01T08:00,37.0,2024-06-26T23:00,0.572444,7.0,2024-03-07T13:00,-8.0,2024-05-01T06:00,MW,SRC-EIA-930
subregion,PNM:Frep,PNM:Frep,PNM,UTC,8784,64.35,4.0,2024-07-10T15:00,89.0,2024-02-09T10:00,0.723033,37.0,2024-01-18T07:00,-42.0,2024-11-12T15:00,MW,SRC-EIA-930
subregion,PNM:Jica,PNM:Jica,PNM,UTC,8784,2.306,1.0,2024-06-01T10:00,4.0,2024-01-09T15:00,0.576417,1.0,2024-01-02T01:00,-1.0,2024-01-01T17:00,MW,SRC-EIA-930
subregion,PNM:KAFB,PNM:KAFB,PNM,UTC,8784,52.662,39.0,2024-07-27T06:00,74.0,2024-07-16T20:00,0.711644,9.0,2024-04-17T19:00,-14.0,2024-04-17T18:00,MW,SRC-EIA-930
subregion,PNM:KCEC,PNM:KCEC,PNM,UTC,8784,28.767,-4.0,2024-04-14T22:00,65.0,2024-03-18T16:00,0.442567,24.0,2024-03-31T01:00,-24.0,2024-03-30T15:00,MW,SRC-EIA-930
subregion,PNM:LAC,PNM:LAC,PNM,UTC,8784,58.997,42.0,2024-09-17T10:00,91.0,2024-01-11T17:00,0.648315,5.0,2024-06-26T19:00,-9.0,2024-01-12T19:00,MW,SRC-EIA-930
subregion,PNM:PNM,PNM:PNM,PNM,UTC,8784,1154.668,711.0,2024-11-02T19:00,2070.0,2024-08-21T01:00,0.55781,313.0,2024-11-24T01:00,-242.0,2024-11-17T01:00,MW,SRC-EIA-930
subregion,PNM:TSGT,PNM:TSGT,PNM,UTC,8784,284.296,152.0,2024-07-19T11:00,414.0,2024-08-20T01:00,0.686705,75.0,2024-11-10T14:00,-108.0,2024-06-30T07:00,MW,SRC-EIA-930
subregion,SWPP:CSWS,SWPP:CSWS,SWPP,UTC,8784,5503.626,3355.0,2024-03-19T13:00,10500.0,2024-01-16T15:00,0.524155,764.0,2024-01-19T13:00,-2572.0,2024-07-20T06:00,MW,SRC-EIA-930
subregion,SWPP:EDE,SWPP:EDE,SWPP,UTC,8784,621.274,374.0,2024-04-28T10:00,1141.0,2024-06-24T22:00,0.544499,407.0,2024-01-20T07:00,-278.0,2024-01-22T07:00,MW,SRC-EIA-930
subregion,SWPP:GRDA,SWPP:GRDA,SWPP,UTC,8784,869.719,667.0,2024-04-05T06:00,1227.0,2024-08-01T22:00,0.708817,74.0,2024-04-05T14:00,-189.0,2024-07-20T06:00,MW,SRC-EIA-930
subregion,SWPP:INDN,SWPP:INDN,SWPP,UTC,8784,116.65,68.0,2024-03-31T09:00,272.0,2024-06-24T23:00,0.428862,29.0,2024-08-01T17:00,-60.0,2024-07-20T06:00,MW,SRC-EIA-930
subregion,SWPP:KACY,SWPP:KACY,SWPP,UTC,8784,281.501,171.0,2024-09-01T22:00,491.0,2024-06-24T22:00,0.573321,170.0,2024-09-01T23:00,-179.0,2024-09-01T22:00,MW,SRC-EIA-930
subregion,SWPP:KCPL,SWPP:KCPL,SWPP,UTC,8784,1897.586,1162.0,2024-03-31T09:00,3704.0,2024-07-15T21:00,0.512307,272.0,2024-06-24T16:00,-809.0,2024-07-20T06:00,MW,SRC-EIA-930
subregion,SWPP:LES,SWPP:LES,SWPP,UTC,8784,401.27,235.0,2024-04-28T10:00,791.0,2024-07-31T21:00,0.507294,73.0,2024-03-06T07:00,-266.0,2024-07-31T23:00,MW,SRC-EIA-930
subregion,SWPP:MPS,SWPP:MPS,SWPP,UTC,8784,1041.538,633.0,2024-04-24T10:00,1996.0,2024-06-24T23:00,0.521813,342.0,2024-01-20T07:00,-460.0,2024-07-20T06:00,MW,SRC-EIA-930
subregion,SWPP:NPPD,SWPP:NPPD,SWPP,UTC,8784,2078.794,1277.0,2024-05-26T12:00,3837.0,2024-08-02T17:00,0.541776,258.0,2024-03-27T06:00,-638.0,2024-07-20T06:00,MW,SRC-EIA-930
subregion,SWPP:OKGE,SWPP:OKGE,SWPP,UTC,8784,4387.5,2742.0,2024-04-28T10:00,7593.0,2024-08-01T22:00,0.577835,1231.0,2024-01-20T07:00,-1667.0,2024-07-20T06:00,MW,SRC-EIA-930
subregion,SWPP:OPPD,SWPP:OPPD,SWPP,UTC,8784,1699.572,1121.0,2024-04-27T10:00,3006.0,2024-06-24T23:00,0.565393,222.0,2024-03-06T07:00,-952.0,2024-08-01T00:00,MW,SRC-EIA-930
subregion,SWPP:SECI,SWPP:SECI,SWPP,UTC,8784,693.923,476.0,2024-09-23T07:00,1156.0,2024-07-31T22:00,0.600279,71.0,2024-03-22T12:00,-216.0,2024-07-20T06:00,MW,SRC-EIA-930
subregion,SWPP:SPRM,SWPP:SPRM,SWPP,UTC,8784,387.879,239.0,2024-03-30T09:00,781.0,2024-06-24T22:00,0.496644,60.0,2024-07-29T18:00,-182.0,2024-07-20T06:00,MW,SRC-EIA-930
subregion,SWPP:SPS,SWPP:SPS,SWPP,UTC,8784,4178.613,3127.0,2024-03-19T13:00,6230.0,2024-08-19T23:00,0.670724,413.0,2024-02-02T07:00,-705.0,2024-07-20T06:00,MW,SRC-EIA-930
subregion,SWPP:WAUE,SWPP:WAUE,SWPP,UTC,8784,4037.604,3114.0,2024-10-06T10:00,5714.0,2024-01-16T15:00,0.706616,396.0,2024-03-06T07:00,-1047.0,2024-01-20T07:00,MW,SRC-EIA-930
subregion,SWPP:WFEC,SWPP:WFEC,SWPP,UTC,8784,1139.791,810.0,2024-11-03T11:00,2057.0,2024-07-31T20:00,0.554104,588.0,2024-01-20T07:00,-405.0,2024-07-20T06:00,MW,SRC-EIA-930
subregion,SWPP:WR,SWPP:WR,SWPP,UTC,8784,3672.872,2420.0,2024-05-05T10:00,6821.0,2024-07-15T22:00,0.538465,456.0,2024-08-05T16:00,-1550.0,2024-07-20T06:00,MW,SRC-EIA-930
